<?xml version="1.0" encoding="UTF-8"?>
<GenRun Id="Inst_RAM_synth_1" LaunchPart="xc7a100tfgg484-2L" LaunchTime="1560397905">
  <File Type="PA-TCL" Name="Inst_RAM.tcl"/>
  <File Type="REPORTS-TCL" Name="Inst_RAM_reports.tcl"/>
  <File Type="RDS-RDS" Name="Inst_RAM.vds"/>
  <File Type="RDS-UTIL" Name="Inst_RAM_utilization_synth.rpt"/>
  <File Type="RDS-UTIL-PB" Name="Inst_RAM_utilization_synth.pb"/>
  <File Type="RDS-DCP" Name="Inst_RAM.dcp"/>
  <FileSet Name="sources" Type="BlockSrcs" RelSrcDir="$PSRCDIR/Inst_RAM">
    <File Path="$PSRCDIR/sources_1/ip/Inst_RAM/Inst_RAM.xci">
      <FileInfo>
        <Attr Name="UsedIn" Val="synthesis"/>
        <Attr Name="UsedIn" Val="implementation"/>
        <Attr Name="UsedIn" Val="simulation"/>
      </FileInfo>
    </File>
    <Config>
      <Option Name="TopModule" Val="Inst_RAM"/>
      <Option Name="UseBlackboxStub" Val="1"/>
    </Config>
  </FileSet>
  <FileSet Name="constrs_in" Type="BlockSrcs" RelSrcDir="$PSRCDIR/Inst_RAM">
    <File Path="$PSRCDIR/sources_1/ip/Inst_RAM/Inst_RAM.xci">
      <FileInfo>
        <Attr Name="UsedIn" Val="synthesis"/>
        <Attr Name="UsedIn" Val="implementation"/>
        <Attr Name="UsedIn" Val="simulation"/>
      </FileInfo>
    </File>
    <Config>
      <Option Name="TopModule" Val="Inst_RAM"/>
      <Option Name="UseBlackboxStub" Val="1"/>
    </Config>
  </FileSet>
  <FileSet Name="utils" Type="Utils" RelSrcDir="$PSRCDIR/utils_1">
    <Filter Type="Utils"/>
    <Config>
      <Option Name="TopAutoSet" Val="TRUE"/>
    </Config>
  </FileSet>
  <Strategy Version="1" Minor="2">
    <StratHandle Name="Vivado Synthesis Defaults" Flow="Vivado Synthesis 2018"/>
    <Step Id="synth_design"/>
  </Strategy>
</GenRun>
