<?xml version="1.0" encoding="UTF-8"?>
<GenRun Id="impl_1" LaunchPart="xc7a100tfgg484-2L" LaunchTime="1557369196">
  <File Type="BITSTR-BMM" Name="Top_REG_bd.bmm"/>
  <File Type="PA-TCL" Name="Top_REG.tcl"/>
  <File Type="OPT-DCP" Name="Top_REG_opt.dcp"/>
  <File Type="REPORTS-TCL" Name="Top_REG_reports.tcl"/>
  <File Type="OPT-HWDEF" Name="Top_REG.hwdef"/>
  <File Type="BG-BGN" Name="Top_REG.bgn"/>
  <File Type="PWROPT-DCP" Name="Top_REG_pwropt.dcp"/>
  <File Type="PLACE-DCP" Name="Top_REG_placed.dcp"/>
  <File Type="PLACE-PRE-SIMILARITY" Name="Top_REG_incremental_reuse_pre_placed.rpt"/>
  <File Type="POSTPLACE-PWROPT-DCP" Name="Top_REG_postplace_pwropt.dcp"/>
  <File Type="BG-BIN" Name="Top_REG.bin"/>
  <File Type="PHYSOPT-DCP" Name="Top_REG_physopt.dcp"/>
  <File Type="BITSTR-MSK" Name="Top_REG.msk"/>
  <File Type="ROUTE-ERROR-DCP" Name="Top_REG_routed_error.dcp"/>
  <File Type="ROUTE-DCP" Name="Top_REG_routed.dcp"/>
  <File Type="ROUTE-BLACKBOX-DCP" Name="Top_REG_routed_bb.dcp"/>
  <File Type="BITSTR-LTX" Name="Top_REG.ltx"/>
  <File Type="BITSTR-MMI" Name="Top_REG.mmi"/>
  <File Type="BITSTR-SYSDEF" Name="Top_REG.sysdef"/>
  <File Type="ROUTE-TIMING-PB" Name="Top_REG_timing_summary_routed.pb"/>
  <File Type="POSTROUTE-PHYSOPT-DCP" Name="Top_REG_postroute_physopt.dcp"/>
  <File Type="POSTROUTE-PHYSOPT-BLACKBOX-DCP" Name="Top_REG_postroute_physopt_bb.dcp"/>
  <File Type="BG-BIT" Name="Top_REG.bit"/>
  <File Type="BITSTR-RBT" Name="Top_REG.rbt"/>
  <File Type="BITSTR-NKY" Name="Top_REG.nky"/>
  <File Type="BG-DRC" Name="Top_REG.drc"/>
  <File Type="RDI-RDI" Name="Top_REG.vdi"/>
  <File Type="WBT-USG" Name="usage_statistics_webtalk.html"/>
  <FileSet Name="sources" Type="DesignSrcs" RelSrcDir="$PSRCDIR/sources_1">
    <Filter Type="Srcs"/>
    <File Path="$PSRCDIR/sources_1/new/Display.v">
      <FileInfo>
        <Attr Name="UsedIn" Val="synthesis"/>
        <Attr Name="UsedIn" Val="implementation"/>
        <Attr Name="UsedIn" Val="simulation"/>
      </FileInfo>
    </File>
    <File Path="$PSRCDIR/sources_1/new/REG.v">
      <FileInfo>
        <Attr Name="UsedIn" Val="synthesis"/>
        <Attr Name="UsedIn" Val="implementation"/>
        <Attr Name="UsedIn" Val="simulation"/>
      </FileInfo>
    </File>
    <File Path="$PSRCDIR/sources_1/new/TOP_REG.v">
      <FileInfo>
        <Attr Name="UsedIn" Val="synthesis"/>
        <Attr Name="UsedIn" Val="implementation"/>
        <Attr Name="UsedIn" Val="simulation"/>
      </FileInfo>
    </File>
    <File Path="$PSRCDIR/sources_1/new/ALU.v">
      <FileInfo>
        <Attr Name="AutoDisabled" Val="1"/>
        <Attr Name="UsedIn" Val="synthesis"/>
        <Attr Name="UsedIn" Val="implementation"/>
        <Attr Name="UsedIn" Val="simulation"/>
      </FileInfo>
    </File>
    <File Path="$PSRCDIR/sources_1/new/REGALU.v">
      <FileInfo>
        <Attr Name="AutoDisabled" Val="1"/>
        <Attr Name="UsedIn" Val="synthesis"/>
        <Attr Name="UsedIn" Val="implementation"/>
        <Attr Name="UsedIn" Val="simulation"/>
      </FileInfo>
    </File>
    <Config>
      <Option Name="DesignMode" Val="RTL"/>
      <Option Name="TopModule" Val="Top_REG"/>
    </Config>
  </FileSet>
  <FileSet Name="constrs_in" Type="Constrs" RelSrcDir="$PSRCDIR/constrs_1">
    <Filter Type="Constrs"/>
    <File Path="$PSRCDIR/constrs_1/new/sucess.xdc">
      <FileInfo>
        <Attr Name="UsedIn" Val="synthesis"/>
        <Attr Name="UsedIn" Val="implementation"/>
      </FileInfo>
    </File>
    <Config>
      <Option Name="ConstrsType" Val="XDC"/>
    </Config>
  </FileSet>
  <FileSet Name="utils" Type="Utils" RelSrcDir="$PSRCDIR/utils_1">
    <Filter Type="Utils"/>
    <Config>
      <Option Name="TopAutoSet" Val="TRUE"/>
    </Config>
  </FileSet>
  <Strategy Version="1" Minor="2">
    <StratHandle Name="Vivado Implementation Defaults" Flow="Vivado Implementation 2018"/>
    <Step Id="init_design"/>
    <Step Id="opt_design"/>
    <Step Id="power_opt_design"/>
    <Step Id="place_design"/>
    <Step Id="post_place_power_opt_design"/>
    <Step Id="phys_opt_design"/>
    <Step Id="route_design"/>
    <Step Id="post_route_phys_opt_design"/>
    <Step Id="write_bitstream"/>
  </Strategy>
</GenRun>
