<?xml version="1.0" encoding="UTF-8"?>
<GenRun Id="RAM_B_synth_1" LaunchPart="xc7a100tfgg484-2L" LaunchTime="1557976588">
  <File Type="PA-TCL" Name="RAM_B.tcl"/>
  <File Type="REPORTS-TCL" Name="RAM_B_reports.tcl"/>
  <File Type="RDS-RDS" Name="RAM_B.vds"/>
  <File Type="RDS-UTIL" Name="RAM_B_utilization_synth.rpt"/>
  <File Type="RDS-UTIL-PB" Name="RAM_B_utilization_synth.pb"/>
  <File Type="RDS-DCP" Name="RAM_B.dcp"/>
  <FileSet Name="sources" Type="BlockSrcs" RelSrcDir="$PSRCDIR/RAM_B">
    <File Path="$PSRCDIR/sources_1/ip/RAM_B/RAM_B.xci">
      <FileInfo>
        <Attr Name="UsedIn" Val="synthesis"/>
        <Attr Name="UsedIn" Val="implementation"/>
        <Attr Name="UsedIn" Val="simulation"/>
      </FileInfo>
    </File>
    <Config>
      <Option Name="TopModule" Val="RAM_B"/>
      <Option Name="UseBlackboxStub" Val="1"/>
    </Config>
  </FileSet>
  <FileSet Name="constrs_in" Type="BlockSrcs" RelSrcDir="$PSRCDIR/RAM_B">
    <File Path="$PSRCDIR/sources_1/ip/RAM_B/RAM_B.xci">
      <FileInfo>
        <Attr Name="UsedIn" Val="synthesis"/>
        <Attr Name="UsedIn" Val="implementation"/>
        <Attr Name="UsedIn" Val="simulation"/>
      </FileInfo>
    </File>
    <Config>
      <Option Name="TopModule" Val="RAM_B"/>
      <Option Name="UseBlackboxStub" Val="1"/>
    </Config>
  </FileSet>
  <FileSet Name="utils" Type="Utils" RelSrcDir="$PSRCDIR/utils_1">
    <Filter Type="Utils"/>
    <Config>
      <Option Name="TopAutoSet" Val="TRUE"/>
    </Config>
  </FileSet>
  <Strategy Version="1" Minor="2">
    <StratHandle Name="Vivado Synthesis Defaults" Flow="Vivado Synthesis 2018"/>
    <Step Id="synth_design"/>
  </Strategy>
</GenRun>
