<?xml version="1.0" encoding="UTF-8"?>
<GenRun Id="impl_1" LaunchPart="xc7a100tfgg484-2L" LaunchTime="1560391929">
  <File Type="BITSTR-BMM" Name="TOP_RI_CPU_bd.bmm"/>
  <File Type="OPT-METHODOLOGY-DRC" Name="TOP_RI_CPU_methodology_drc_opted.rpt"/>
  <File Type="INIT-TIMING" Name="TOP_RI_CPU_timing_summary_init.rpt"/>
  <File Type="ROUTE-PWR" Name="TOP_RI_CPU_power_routed.rpt"/>
  <File Type="PA-TCL" Name="TOP_RI_CPU.tcl"/>
  <File Type="OPT-TIMING" Name="TOP_RI_CPU_timing_summary_opted.rpt"/>
  <File Type="OPT-DCP" Name="TOP_RI_CPU_opt.dcp"/>
  <File Type="ROUTE-PWR-SUM" Name="TOP_RI_CPU_power_summary_routed.pb"/>
  <File Type="REPORTS-TCL" Name="TOP_RI_CPU_reports.tcl"/>
  <File Type="OPT-DRC" Name="TOP_RI_CPU_drc_opted.rpt"/>
  <File Type="OPT-HWDEF" Name="TOP_RI_CPU.hwdef"/>
  <File Type="PWROPT-DCP" Name="TOP_RI_CPU_pwropt.dcp"/>
  <File Type="PWROPT-DRC" Name="TOP_RI_CPU_drc_pwropted.rpt"/>
  <File Type="PWROPT-TIMING" Name="TOP_RI_CPU_timing_summary_pwropted.rpt"/>
  <File Type="PLACE-DCP" Name="TOP_RI_CPU_placed.dcp"/>
  <File Type="PLACE-IO" Name="TOP_RI_CPU_io_placed.rpt"/>
  <File Type="PLACE-CLK" Name="TOP_RI_CPU_clock_utilization_placed.rpt"/>
  <File Type="PLACE-UTIL" Name="TOP_RI_CPU_utilization_placed.rpt"/>
  <File Type="PLACE-UTIL-PB" Name="TOP_RI_CPU_utilization_placed.pb"/>
  <File Type="PLACE-CTRL" Name="TOP_RI_CPU_control_sets_placed.rpt"/>
  <File Type="PLACE-SIMILARITY" Name="TOP_RI_CPU_incremental_reuse_placed.rpt"/>
  <File Type="PLACE-PRE-SIMILARITY" Name="TOP_RI_CPU_incremental_reuse_pre_placed.rpt"/>
  <File Type="BG-BGN" Name="TOP_RI_CPU.bgn"/>
  <File Type="PLACE-TIMING" Name="TOP_RI_CPU_timing_summary_placed.rpt"/>
  <File Type="POSTPLACE-PWROPT-DCP" Name="TOP_RI_CPU_postplace_pwropt.dcp"/>
  <File Type="BG-BIN" Name="TOP_RI_CPU.bin"/>
  <File Type="POSTPLACE-PWROPT-TIMING" Name="TOP_RI_CPU_timing_summary_postplace_pwropted.rpt"/>
  <File Type="PHYSOPT-DCP" Name="TOP_RI_CPU_physopt.dcp"/>
  <File Type="PHYSOPT-DRC" Name="TOP_RI_CPU_drc_physopted.rpt"/>
  <File Type="BITSTR-MSK" Name="TOP_RI_CPU.msk"/>
  <File Type="PHYSOPT-TIMING" Name="TOP_RI_CPU_timing_summary_physopted.rpt"/>
  <File Type="ROUTE-ERROR-DCP" Name="TOP_RI_CPU_routed_error.dcp"/>
  <File Type="ROUTE-DCP" Name="TOP_RI_CPU_routed.dcp"/>
  <File Type="ROUTE-BLACKBOX-DCP" Name="TOP_RI_CPU_routed_bb.dcp"/>
  <File Type="ROUTE-DRC" Name="TOP_RI_CPU_drc_routed.rpt"/>
  <File Type="ROUTE-DRC-PB" Name="TOP_RI_CPU_drc_routed.pb"/>
  <File Type="BITSTR-LTX" Name="debug_nets.ltx"/>
  <File Type="BITSTR-LTX" Name="TOP_RI_CPU.ltx"/>
  <File Type="ROUTE-DRC-RPX" Name="TOP_RI_CPU_drc_routed.rpx"/>
  <File Type="BITSTR-MMI" Name="TOP_RI_CPU.mmi"/>
  <File Type="ROUTE-METHODOLOGY-DRC" Name="TOP_RI_CPU_methodology_drc_routed.rpt"/>
  <File Type="ROUTE-METHODOLOGY-DRC-RPX" Name="TOP_RI_CPU_methodology_drc_routed.rpx"/>
  <File Type="BITSTR-SYSDEF" Name="TOP_RI_CPU.sysdef"/>
  <File Type="ROUTE-METHODOLOGY-DRC-PB" Name="TOP_RI_CPU_methodology_drc_routed.pb"/>
  <File Type="ROUTE-PWR-RPX" Name="TOP_RI_CPU_power_routed.rpx"/>
  <File Type="ROUTE-STATUS" Name="TOP_RI_CPU_route_status.rpt"/>
  <File Type="ROUTE-STATUS-PB" Name="TOP_RI_CPU_route_status.pb"/>
  <File Type="ROUTE-TIMINGSUMMARY" Name="TOP_RI_CPU_timing_summary_routed.rpt"/>
  <File Type="ROUTE-TIMING-PB" Name="TOP_RI_CPU_timing_summary_routed.pb"/>
  <File Type="ROUTE-TIMING-RPX" Name="TOP_RI_CPU_timing_summary_routed.rpx"/>
  <File Type="ROUTE-SIMILARITY" Name="TOP_RI_CPU_incremental_reuse_routed.rpt"/>
  <File Type="ROUTE-CLK" Name="TOP_RI_CPU_clock_utilization_routed.rpt"/>
  <File Type="ROUTE-BUS-SKEW" Name="TOP_RI_CPU_bus_skew_routed.rpt"/>
  <File Type="ROUTE-BUS-SKEW-PB" Name="TOP_RI_CPU_bus_skew_routed.pb"/>
  <File Type="ROUTE-BUS-SKEW-RPX" Name="TOP_RI_CPU_bus_skew_routed.rpx"/>
  <File Type="POSTROUTE-PHYSOPT-DCP" Name="TOP_RI_CPU_postroute_physopt.dcp"/>
  <File Type="POSTROUTE-PHYSOPT-BLACKBOX-DCP" Name="TOP_RI_CPU_postroute_physopt_bb.dcp"/>
  <File Type="POSTROUTE-PHYSOPT-TIMING" Name="TOP_RI_CPU_timing_summary_postroute_physopted.rpt"/>
  <File Type="POSTROUTE-PHYSOPT-TIMING-PB" Name="TOP_RI_CPU_timing_summary_postroute_physopted.pb"/>
  <File Type="POSTROUTE-PHYSOPT-TIMING-RPX" Name="TOP_RI_CPU_timing_summary_postroute_physopted.rpx"/>
  <File Type="POSTROUTE-PHYSOPT-BUS-SKEW" Name="TOP_RI_CPU_bus_skew_postroute_physopted.rpt"/>
  <File Type="POSTROUTE-PHYSOPT-BUS-SKEW-PB" Name="TOP_RI_CPU_bus_skew_postroute_physopted.pb"/>
  <File Type="BG-BIT" Name="TOP_RI_CPU.bit"/>
  <File Type="POSTROUTE-PHYSOPT-BUS-SKEW-RPX" Name="TOP_RI_CPU_bus_skew_postroute_physopted.rpx"/>
  <File Type="BITSTR-RBT" Name="TOP_RI_CPU.rbt"/>
  <File Type="BITSTR-NKY" Name="TOP_RI_CPU.nky"/>
  <File Type="BG-DRC" Name="TOP_RI_CPU.drc"/>
  <File Type="RDI-RDI" Name="TOP_RI_CPU.vdi"/>
  <File Type="WBT-USG" Name="usage_statistics_webtalk.html"/>
  <FileSet Name="sources" Type="DesignSrcs" RelSrcDir="$PSRCDIR/sources_1">
    <Filter Type="Srcs"/>
    <File Path="$PSRCDIR/sources_1/new/ALU.v">
      <FileInfo>
        <Attr Name="UsedIn" Val="synthesis"/>
        <Attr Name="UsedIn" Val="implementation"/>
        <Attr Name="UsedIn" Val="simulation"/>
      </FileInfo>
    </File>
    <File Path="$PSRCDIR/sources_1/new/Control.v">
      <FileInfo>
        <Attr Name="UsedIn" Val="synthesis"/>
        <Attr Name="UsedIn" Val="implementation"/>
        <Attr Name="UsedIn" Val="simulation"/>
      </FileInfo>
    </File>
    <File Path="$PSRCDIR/sources_1/new/Display.v">
      <FileInfo>
        <Attr Name="UsedIn" Val="synthesis"/>
        <Attr Name="UsedIn" Val="implementation"/>
        <Attr Name="UsedIn" Val="simulation"/>
      </FileInfo>
    </File>
    <File Path="$PSRCDIR/sources_1/new/Gmips.v">
      <FileInfo>
        <Attr Name="UsedIn" Val="synthesis"/>
        <Attr Name="UsedIn" Val="implementation"/>
        <Attr Name="UsedIn" Val="simulation"/>
      </FileInfo>
    </File>
    <File Path="$PSRCDIR/sources_1/new/REG.v">
      <FileInfo>
        <Attr Name="UsedIn" Val="synthesis"/>
        <Attr Name="UsedIn" Val="implementation"/>
        <Attr Name="UsedIn" Val="simulation"/>
      </FileInfo>
    </File>
    <File Path="$PSRCDIR/sources_1/new/RI_CPU.v">
      <FileInfo>
        <Attr Name="UsedIn" Val="synthesis"/>
        <Attr Name="UsedIn" Val="implementation"/>
        <Attr Name="UsedIn" Val="simulation"/>
      </FileInfo>
    </File>
    <File Path="$PSRCDIR/sources_1/new/TOP_RI_CPU.v">
      <FileInfo>
        <Attr Name="UsedIn" Val="synthesis"/>
        <Attr Name="UsedIn" Val="implementation"/>
        <Attr Name="UsedIn" Val="simulation"/>
      </FileInfo>
    </File>
    <File Path="$PPRDIR/../RI_CPU.coe">
      <FileInfo>
        <Attr Name="UsedIn" Val="synthesis"/>
        <Attr Name="UsedIn" Val="simulation"/>
      </FileInfo>
    </File>
    <File Path="$PPRDIR/../RI_RAM.coe">
      <FileInfo>
        <Attr Name="UsedIn" Val="synthesis"/>
        <Attr Name="UsedIn" Val="simulation"/>
      </FileInfo>
    </File>
    <Config>
      <Option Name="DesignMode" Val="RTL"/>
      <Option Name="TopModule" Val="TOP_RI_CPU"/>
      <Option Name="TopAutoSet" Val="TRUE"/>
    </Config>
  </FileSet>
  <FileSet Name="constrs_in" Type="Constrs" RelSrcDir="$PSRCDIR/constrs_1">
    <Filter Type="Constrs"/>
    <File Path="$PSRCDIR/constrs_1/new/success.xdc">
      <FileInfo>
        <Attr Name="UsedIn" Val="synthesis"/>
        <Attr Name="UsedIn" Val="implementation"/>
      </FileInfo>
    </File>
    <Config>
      <Option Name="ConstrsType" Val="XDC"/>
    </Config>
  </FileSet>
  <FileSet Name="utils" Type="Utils" RelSrcDir="$PSRCDIR/utils_1">
    <Filter Type="Utils"/>
    <Config>
      <Option Name="TopAutoSet" Val="TRUE"/>
    </Config>
  </FileSet>
  <Strategy Version="1" Minor="2">
    <StratHandle Name="Vivado Implementation Defaults" Flow="Vivado Implementation 2018"/>
    <Step Id="init_design"/>
    <Step Id="opt_design"/>
    <Step Id="power_opt_design"/>
    <Step Id="place_design"/>
    <Step Id="post_place_power_opt_design"/>
    <Step Id="phys_opt_design"/>
    <Step Id="route_design"/>
    <Step Id="post_route_phys_opt_design"/>
    <Step Id="write_bitstream"/>
  </Strategy>
  <BlockFileSet Type="BlockSrcs" Name="Inst_ROM"/>
  <BlockFileSet Type="BlockSrcs" Name="Inst_RAM"/>
</GenRun>
