<?xml version="1.0" encoding="UTF-8"?>
<GenRun Id="impl_1" LaunchPart="xc7a100tfgg484-2L" LaunchTime="1559187961">
  <File Type="ROUTE-PWR" Name="Top_Gmips_power_routed.rpt"/>
  <File Type="PA-TCL" Name="Top_Gmips.tcl"/>
  <File Type="BITSTR-BMM" Name="Top_Gmips_bd.bmm"/>
  <File Type="ROUTE-PWR-SUM" Name="Top_Gmips_power_summary_routed.pb"/>
  <File Type="REPORTS-TCL" Name="Top_Gmips_reports.tcl"/>
  <File Type="OPT-DCP" Name="Top_Gmips_opt.dcp"/>
  <File Type="OPT-DRC" Name="Top_Gmips_drc_opted.rpt"/>
  <File Type="OPT-HWDEF" Name="Top_Gmips.hwdef"/>
  <File Type="PWROPT-DCP" Name="Top_Gmips_pwropt.dcp"/>
  <File Type="PLACE-DCP" Name="Top_Gmips_placed.dcp"/>
  <File Type="PLACE-IO" Name="Top_Gmips_io_placed.rpt"/>
  <File Type="PLACE-UTIL" Name="Top_Gmips_utilization_placed.rpt"/>
  <File Type="PLACE-UTIL-PB" Name="Top_Gmips_utilization_placed.pb"/>
  <File Type="PLACE-CTRL" Name="Top_Gmips_control_sets_placed.rpt"/>
  <File Type="PLACE-PRE-SIMILARITY" Name="Top_Gmips_incremental_reuse_pre_placed.rpt"/>
  <File Type="BG-BGN" Name="Top_Gmips.bgn"/>
  <File Type="POSTPLACE-PWROPT-DCP" Name="Top_Gmips_postplace_pwropt.dcp"/>
  <File Type="BG-BIN" Name="Top_Gmips.bin"/>
  <File Type="PHYSOPT-DCP" Name="Top_Gmips_physopt.dcp"/>
  <File Type="BITSTR-MSK" Name="Top_Gmips.msk"/>
  <File Type="ROUTE-ERROR-DCP" Name="Top_Gmips_routed_error.dcp"/>
  <File Type="ROUTE-DCP" Name="Top_Gmips_routed.dcp"/>
  <File Type="ROUTE-BLACKBOX-DCP" Name="Top_Gmips_routed_bb.dcp"/>
  <File Type="ROUTE-DRC" Name="Top_Gmips_drc_routed.rpt"/>
  <File Type="ROUTE-DRC-PB" Name="Top_Gmips_drc_routed.pb"/>
  <File Type="ROUTE-DRC-RPX" Name="Top_Gmips_drc_routed.rpx"/>
  <File Type="BITSTR-LTX" Name="Top_Gmips.ltx"/>
  <File Type="ROUTE-METHODOLOGY-DRC" Name="Top_Gmips_methodology_drc_routed.rpt"/>
  <File Type="BITSTR-MMI" Name="Top_Gmips.mmi"/>
  <File Type="ROUTE-METHODOLOGY-DRC-RPX" Name="Top_Gmips_methodology_drc_routed.rpx"/>
  <File Type="ROUTE-METHODOLOGY-DRC-PB" Name="Top_Gmips_methodology_drc_routed.pb"/>
  <File Type="BITSTR-SYSDEF" Name="Top_Gmips.sysdef"/>
  <File Type="ROUTE-PWR-RPX" Name="Top_Gmips_power_routed.rpx"/>
  <File Type="ROUTE-STATUS" Name="Top_Gmips_route_status.rpt"/>
  <File Type="ROUTE-STATUS-PB" Name="Top_Gmips_route_status.pb"/>
  <File Type="ROUTE-TIMINGSUMMARY" Name="Top_Gmips_timing_summary_routed.rpt"/>
  <File Type="ROUTE-TIMING-PB" Name="Top_Gmips_timing_summary_routed.pb"/>
  <File Type="ROUTE-TIMING-RPX" Name="Top_Gmips_timing_summary_routed.rpx"/>
  <File Type="ROUTE-CLK" Name="Top_Gmips_clock_utilization_routed.rpt"/>
  <File Type="ROUTE-BUS-SKEW" Name="Top_Gmips_bus_skew_routed.rpt"/>
  <File Type="ROUTE-BUS-SKEW-PB" Name="Top_Gmips_bus_skew_routed.pb"/>
  <File Type="ROUTE-BUS-SKEW-RPX" Name="Top_Gmips_bus_skew_routed.rpx"/>
  <File Type="POSTROUTE-PHYSOPT-DCP" Name="Top_Gmips_postroute_physopt.dcp"/>
  <File Type="POSTROUTE-PHYSOPT-BLACKBOX-DCP" Name="Top_Gmips_postroute_physopt_bb.dcp"/>
  <File Type="BG-BIT" Name="Top_Gmips.bit"/>
  <File Type="BITSTR-RBT" Name="Top_Gmips.rbt"/>
  <File Type="BITSTR-NKY" Name="Top_Gmips.nky"/>
  <File Type="BG-DRC" Name="Top_Gmips.drc"/>
  <File Type="RDI-RDI" Name="Top_Gmips.vdi"/>
  <File Type="WBT-USG" Name="usage_statistics_webtalk.html"/>
  <FileSet Name="sources" Type="DesignSrcs" RelSrcDir="$PSRCDIR/sources_1">
    <Filter Type="Srcs"/>
    <File Path="$PSRCDIR/sources_1/new/Display.v">
      <FileInfo>
        <Attr Name="UsedIn" Val="synthesis"/>
        <Attr Name="UsedIn" Val="implementation"/>
        <Attr Name="UsedIn" Val="simulation"/>
      </FileInfo>
    </File>
    <File Path="$PSRCDIR/sources_1/new/Top_Gmips.v">
      <FileInfo>
        <Attr Name="UsedIn" Val="synthesis"/>
        <Attr Name="UsedIn" Val="implementation"/>
        <Attr Name="UsedIn" Val="simulation"/>
      </FileInfo>
    </File>
    <File Path="$PSRCDIR/sources_1/new/Gmips.v">
      <FileInfo>
        <Attr Name="AutoDisabled" Val="1"/>
        <Attr Name="UsedIn" Val="synthesis"/>
        <Attr Name="UsedIn" Val="implementation"/>
        <Attr Name="UsedIn" Val="simulation"/>
      </FileInfo>
    </File>
    <File Path="$PPRDIR/../R_CPU_Test.coe">
      <FileInfo>
        <Attr Name="UsedIn" Val="synthesis"/>
        <Attr Name="UsedIn" Val="simulation"/>
      </FileInfo>
    </File>
    <Config>
      <Option Name="DesignMode" Val="RTL"/>
      <Option Name="TopModule" Val="Top_Gmips"/>
    </Config>
  </FileSet>
  <FileSet Name="constrs_in" Type="Constrs" RelSrcDir="$PSRCDIR/constrs_1">
    <Filter Type="Constrs"/>
    <File Path="$PSRCDIR/constrs_1/new/success.xdc">
      <FileInfo>
        <Attr Name="UsedIn" Val="synthesis"/>
        <Attr Name="UsedIn" Val="implementation"/>
      </FileInfo>
    </File>
    <Config>
      <Option Name="ConstrsType" Val="XDC"/>
    </Config>
  </FileSet>
  <FileSet Name="utils" Type="Utils" RelSrcDir="$PSRCDIR/utils_1">
    <Filter Type="Utils"/>
    <Config>
      <Option Name="TopAutoSet" Val="TRUE"/>
    </Config>
  </FileSet>
  <Strategy Version="1" Minor="2">
    <StratHandle Name="Vivado Implementation Defaults" Flow="Vivado Implementation 2018"/>
    <Step Id="init_design"/>
    <Step Id="opt_design"/>
    <Step Id="power_opt_design"/>
    <Step Id="place_design"/>
    <Step Id="post_place_power_opt_design"/>
    <Step Id="phys_opt_design"/>
    <Step Id="route_design"/>
    <Step Id="post_route_phys_opt_design"/>
    <Step Id="write_bitstream"/>
  </Strategy>
  <BlockFileSet Type="BlockSrcs" Name="Inst_Rom"/>
</GenRun>
